ꅳ,SEVERE,https://developer.mozilla.org/static/js/main.8075654c.js 1:214718 Uncaught Error: Minified React error #418; visit https://reactjs.o… for full errors and additional helpful warnings.
ꅳ,SEVERE,https://developer.mozilla.org/static/js/main.8075654c.js 1:203829 Uncaught Error: Minified React error #425; visit https://reactjs.o… for full errors and additional helpful warnings.
ꅴ,SEVERE,https://developer.mozilla.org/static/js/main.8075654c.js 1:214718 Uncaught Error: Minified React error #418; visit https://reactjs.o… for full errors and additional helpful warnings.
ꅴ,SEVERE,https://developer.mozilla.org/static/js/main.8075654c.js 1:214718 Uncaught Error: Minified React error #418; visit https://reactjs.o… for full errors and additional helpful warnings.
ꅴ,SEVERE,https://developer.mozilla.org/static/js/main.8075654c.js 1:214718 Uncaught Error: Minified React error #418; visit https://reactjs.o… for full errors and additional helpful warnings.
ꅴ,SEVERE,https://developer.mozilla.org/static/js/main.8075654c.js 1:214718 Uncaught Error: Minified React error #418; visit https://reactjs.o… for full errors and additional helpful warnings.
ꅴ,SEVERE,https://developer.mozilla.org/static/js/main.8075654c.js 1:214718 Uncaught Error: Minified React error #418; visit https://reactjs.o… for full errors and additional helpful warnings.
ꅴ,SEVERE,https://developer.mozilla.org/static/js/main.8075654c.js 1:214718 Uncaught Error: Minified React error #418; visit https://reactjs.o… for full errors and additional helpful warnings.
ꅴ,SEVERE,https://developer.mozilla.org/static/js/main.8075654c.js 1:214718 Uncaught Error: Minified React error #418; visit https://reactjs.o… for full errors and additional helpful warnings.
ꅴ,SEVERE,https://developer.mozilla.org/static/js/main.8075654c.js 1:281795 Uncaught Error: Minified React error #423; visit https://reactjs.o… for full errors and additional helpful warnings.
